{
    "os": "Windows-10-10.0.22621-SP0",
    "python": "3.9.13",
    "heartbeatAt": "2024-01-22T14:56:07.188707",
    "startedAt": "2024-01-22T14:56:06.454385",
    "docker": null,
    "cuda": null,
    "args": [],
    "state": "running",
    "program": "d:\\Y2B-2023-OT2_Twin-main\\task_11.py",
    "codePathLocal": "task_11.py",
    "codePath": "task_11.py",
    "host": "KorneliaPC",
    "username": "korne",
    "executable": "C:\\Users\\korne\\anaconda3\\python.exe",
    "cpu_count": 8,
    "cpu_count_logical": 16,
    "cpu_freq": {
        "current": 1802.0,
        "min": 0.0,
        "max": 3201.0
    },
    "cpu_freq_per_core": [
        {
            "current": 1802.0,
            "min": 0.0,
            "max": 3201.0
        }
    ],
    "disk": {
        "/": {
            "total": 683.5927696228027,
            "used": 109.81649398803711
        }
    },
    "gpu": "NVIDIA GeForce RTX 3070 Laptop GPU",
    "gpu_count": 1,
    "gpu_devices": [
        {
            "name": "NVIDIA GeForce RTX 3070 Laptop GPU",
            "memory_total": 8589934592
        }
    ],
    "memory": {
        "total": 13.855525970458984
    }
}
